postcode,population,active,cases,rate,new,band,data_date,file_processed_date
3000,37979,30,174,79,6,3,21/09/2021,22/09/2021
3001,0,0,0,0,0,0,21/09/2021,22/09/2021
3002,4957,1,18,20.2,0,2,21/09/2021,22/09/2021
3003,5516,6,62,108.8,3,4,21/09/2021,22/09/2021
3004,9311,13,86,139.6,2,4,21/09/2021,22/09/2021
3005,523,0,0,0,0,0,21/09/2021,22/09/2021
3006,18811,18,96,95.7,1,3,21/09/2021,22/09/2021
3008,10438,11,84,105.4,0,4,21/09/2021,22/09/2021
3010,1595,0,0,0,0,0,21/09/2021,22/09/2021
3011,21464,15,189,69.9,3,3,21/09/2021,22/09/2021
3012,26295,15,202,57,1,3,21/09/2021,22/09/2021
3013,14967,6,111,40.1,1,2,21/09/2021,22/09/2021
3015,17472,19,151,108.7,2,4,21/09/2021,22/09/2021
3016,15558,5,58,32.1,0,2,21/09/2021,22/09/2021
3018,12685,8,45,63.1,0,3,21/09/2021,22/09/2021
3019,9199,1,138,10.9,0,1,21/09/2021,22/09/2021
3020,44784,31,547,69.2,4,3,21/09/2021,22/09/2021
3021,54190,79,745,145.8,13,4,21/09/2021,22/09/2021
3022,3102,0,114,0,0,0,21/09/2021,22/09/2021
3023,63974,110,657,171.9,9,4,21/09/2021,22/09/2021
3024,23852,42,293,176.1,5,4,21/09/2021,22/09/2021
3025,12155,111,523,913.2,4,6,21/09/2021,22/09/2021
3026,72,15,113,20833.3,2,7,21/09/2021,22/09/2021
3027,6650,18,112,270.7,0,5,21/09/2021,22/09/2021
3028,29198,31,226,106.2,1,4,21/09/2021,22/09/2021
3029,93946,334,1866,355.5,25,5,21/09/2021,22/09/2021
3030,100311,132,914,131.6,23,4,21/09/2021,22/09/2021
3031,18533,8,377,43.2,5,2,21/09/2021,22/09/2021
3032,29449,20,233,67.9,3,3,21/09/2021,22/09/2021
3033,14512,22,91,151.6,0,4,21/09/2021,22/09/2021
3034,11633,4,117,34.4,1,2,21/09/2021,22/09/2021
3036,5921,10,34,168.9,0,4,21/09/2021,22/09/2021
3037,51156,95,604,185.7,17,4,21/09/2021,22/09/2021
3038,27258,24,172,88,4,3,21/09/2021,22/09/2021
3039,14252,28,124,196.5,1,4,21/09/2021,22/09/2021
3040,25939,36,178,138.8,2,4,21/09/2021,22/09/2021
3041,12412,25,75,201.4,0,5,21/09/2021,22/09/2021
3042,15762,15,89,95.2,2,3,21/09/2021,22/09/2021
3043,17715,42,144,237.1,1,5,21/09/2021,22/09/2021
3044,27116,81,279,298.7,3,5,21/09/2021,22/09/2021
3045,100,0,1,0,0,0,21/09/2021,22/09/2021
3046,34061,367,851,1077.5,12,7,21/09/2021,22/09/2021
3047,20901,351,738,1679.3,35,7,21/09/2021,22/09/2021
3048,18025,317,528,1758.7,34,7,21/09/2021,22/09/2021
3049,9266,51,126,550.4,1,6,21/09/2021,22/09/2021
3050,119,0,0,0,0,0,21/09/2021,22/09/2021
3051,14939,8,259,53.6,0,3,21/09/2021,22/09/2021
3052,5697,8,102,140.4,0,4,21/09/2021,22/09/2021
3053,18538,15,158,80.9,4,3,21/09/2021,22/09/2021
3054,8426,10,42,118.7,0,4,21/09/2021,22/09/2021
3055,14160,32,91,226,7,5,21/09/2021,22/09/2021
3056,24475,37,151,151.2,8,4,21/09/2021,22/09/2021
3057,11502,11,55,95.6,2,3,21/09/2021,22/09/2021
3058,33783,97,320,287.1,6,5,21/09/2021,22/09/2021
3059,15466,184,349,1189.7,14,7,21/09/2021,22/09/2021
3060,14040,112,395,797.7,8,6,21/09/2021,22/09/2021
3061,5059,147,264,2905.7,4,7,21/09/2021,22/09/2021
3062,0,1,1,0,0,0,21/09/2021,22/09/2021
3063,574,6,9,1045.3,2,7,21/09/2021,22/09/2021
3064,75458,1151,2350,1525.4,103,7,21/09/2021,22/09/2021
3065,10447,16,109,153.2,4,4,21/09/2021,22/09/2021
3066,8512,3,98,35.2,0,2,21/09/2021,22/09/2021
3067,8199,5,41,61,1,3,21/09/2021,22/09/2021
3068,18665,33,110,176.8,4,4,21/09/2021,22/09/2021
3070,24567,24,166,97.7,1,3,21/09/2021,22/09/2021
3071,18569,21,103,113.1,3,4,21/09/2021,22/09/2021
3072,32848,32,193,97.4,5,3,21/09/2021,22/09/2021
3073,50479,98,436,194.1,12,4,21/09/2021,22/09/2021
3074,20522,99,272,482.4,11,5,21/09/2021,22/09/2021
3075,22594,118,260,522.3,11,6,21/09/2021,22/09/2021
3076,32395,91,421,280.9,16,5,21/09/2021,22/09/2021
3078,11638,11,43,94.5,1,3,21/09/2021,22/09/2021
3079,15990,6,59,37.5,1,2,21/09/2021,22/09/2021
3081,13424,35,233,260.7,5,5,21/09/2021,22/09/2021
3082,29713,68,216,228.9,8,5,21/09/2021,22/09/2021
3083,31526,25,170,79.3,4,3,21/09/2021,22/09/2021
3084,25514,8,79,31.4,0,2,21/09/2021,22/09/2021
3085,13882,7,39,50.4,2,3,21/09/2021,22/09/2021
3086,908,0,0,0,0,0,21/09/2021,22/09/2021
3087,9033,2,24,22.1,1,2,21/09/2021,22/09/2021
3088,26890,12,85,44.6,2,2,21/09/2021,22/09/2021
3089,11739,0,16,0,0,0,21/09/2021,22/09/2021
3090,2362,0,53,0,0,0,21/09/2021,22/09/2021
3091,1585,0,0,0,0,0,21/09/2021,22/09/2021
3093,3891,1,13,25.7,0,2,21/09/2021,22/09/2021
3094,8963,2,12,22.3,0,2,21/09/2021,22/09/2021
3095,27770,4,38,14.4,0,1,21/09/2021,22/09/2021
3096,1966,2,12,101.7,0,4,21/09/2021,22/09/2021
3097,1443,0,2,0,0,0,21/09/2021,22/09/2021
3099,4877,0,9,0,0,0,21/09/2021,22/09/2021
3101,24604,4,59,16.3,1,1,21/09/2021,22/09/2021
3102,6634,2,20,30.1,1,2,21/09/2021,22/09/2021
3103,15343,1,16,6.5,1,1,21/09/2021,22/09/2021
3104,20404,2,33,9.8,0,1,21/09/2021,22/09/2021
3105,10877,1,14,9.2,0,1,21/09/2021,22/09/2021
3106,16620,6,35,36.1,1,2,21/09/2021,22/09/2021
3107,13557,2,14,14.8,0,1,21/09/2021,22/09/2021
3108,20823,16,52,76.8,2,3,21/09/2021,22/09/2021
3109,28357,11,62,38.8,1,2,21/09/2021,22/09/2021
3111,12348,9,25,72.9,0,3,21/09/2021,22/09/2021
3113,8460,0,8,0,0,0,21/09/2021,22/09/2021
3114,3823,1,7,26.2,0,2,21/09/2021,22/09/2021
3115,3799,0,6,0,0,0,21/09/2021,22/09/2021
3116,9872,1,28,10.1,0,1,21/09/2021,22/09/2021
3121,30502,15,174,49.2,2,2,21/09/2021,22/09/2021
3122,23508,1,66,4.3,0,1,21/09/2021,22/09/2021
3123,14319,1,29,7,0,1,21/09/2021,22/09/2021
3124,22091,1,33,4.5,0,1,21/09/2021,22/09/2021
3125,15021,1,44,6.7,1,1,21/09/2021,22/09/2021
3126,8060,0,10,0,0,0,21/09/2021,22/09/2021
3127,18445,0,27,0,0,0,21/09/2021,22/09/2021
3128,19832,4,63,20.2,1,2,21/09/2021,22/09/2021
3129,17374,4,23,23,1,2,21/09/2021,22/09/2021
3130,32171,8,35,24.9,1,2,21/09/2021,22/09/2021
3131,22499,0,27,0,0,0,21/09/2021,22/09/2021
3132,16148,0,19,0,0,0,21/09/2021,22/09/2021
3133,22119,0,25,0,0,0,21/09/2021,22/09/2021
3134,32782,2,37,6.1,0,1,21/09/2021,22/09/2021
3135,19954,3,21,15,3,1,21/09/2021,22/09/2021
3136,44373,12,69,27,2,2,21/09/2021,22/09/2021
3137,13872,0,88,0,0,0,21/09/2021,22/09/2021
3138,21964,4,38,18.2,0,1,21/09/2021,22/09/2021
3139,13722,2,13,14.6,1,1,21/09/2021,22/09/2021
3140,16532,1,35,6,0,1,21/09/2021,22/09/2021
3141,25149,12,86,47.7,6,2,21/09/2021,22/09/2021
3142,12912,0,34,0,0,0,21/09/2021,22/09/2021
3143,9052,2,38,22.1,0,2,21/09/2021,22/09/2021
3144,10885,4,26,36.7,1,2,21/09/2021,22/09/2021
3145,23294,2,54,8.6,0,1,21/09/2021,22/09/2021
3146,25256,3,36,11.9,0,1,21/09/2021,22/09/2021
3147,14634,0,41,0,0,0,21/09/2021,22/09/2021
3148,8643,1,34,11.6,1,1,21/09/2021,22/09/2021
3149,33612,6,76,17.9,1,1,21/09/2021,22/09/2021
3150,60082,5,97,8.3,0,1,21/09/2021,22/09/2021
3151,10269,4,14,39,0,2,21/09/2021,22/09/2021
3152,33089,2,37,6,0,1,21/09/2021,22/09/2021
3153,20552,4,21,19.5,1,1,21/09/2021,22/09/2021
3154,4418,0,5,0,0,0,21/09/2021,22/09/2021
3155,22193,0,28,0,0,0,21/09/2021,22/09/2021
3156,37458,5,33,13.3,1,1,21/09/2021,22/09/2021
3158,6648,0,4,0,0,0,21/09/2021,22/09/2021
3159,2652,0,3,0,0,0,21/09/2021,22/09/2021
3160,9014,0,8,0,0,0,21/09/2021,22/09/2021
3161,15271,2,44,13.1,0,1,21/09/2021,22/09/2021
3162,17452,5,27,28.7,0,2,21/09/2021,22/09/2021
3163,32355,14,70,43.3,0,2,21/09/2021,22/09/2021
3164,0,0,0,0,0,0,21/09/2021,22/09/2021
3165,27636,4,50,14.5,1,1,21/09/2021,22/09/2021
3166,23759,4,41,16.8,1,1,21/09/2021,22/09/2021
3167,9259,1,24,10.8,0,1,21/09/2021,22/09/2021
3168,20200,12,62,59.4,1,3,21/09/2021,22/09/2021
3169,20122,2,52,9.9,0,1,21/09/2021,22/09/2021
3170,19370,0,47,0,0,0,21/09/2021,22/09/2021
3171,21713,7,44,32.2,0,2,21/09/2021,22/09/2021
3172,23091,1,28,4.3,0,1,21/09/2021,22/09/2021
3173,25785,13,85,50.4,1,3,21/09/2021,22/09/2021
3174,38465,12,119,31.2,2,2,21/09/2021,22/09/2021
3175,53297,52,374,97.6,1,3,21/09/2021,22/09/2021
3177,11305,16,66,141.5,8,4,21/09/2021,22/09/2021
3178,33669,11,63,32.7,1,2,21/09/2021,22/09/2021
3179,6019,4,17,66.5,0,3,21/09/2021,22/09/2021
3180,7462,1,11,13.4,0,1,21/09/2021,22/09/2021
3181,20267,6,114,29.6,0,2,21/09/2021,22/09/2021
3182,23394,9,109,38.5,2,2,21/09/2021,22/09/2021
3183,18491,13,64,70.3,0,3,21/09/2021,22/09/2021
3184,15547,0,28,0,0,0,21/09/2021,22/09/2021
3185,12932,0,31,0,0,0,21/09/2021,22/09/2021
3186,23258,2,113,8.6,0,1,21/09/2021,22/09/2021
3187,15997,1,48,6.3,1,1,21/09/2021,22/09/2021
3188,18082,2,16,11.1,0,1,21/09/2021,22/09/2021
3189,5894,0,7,0,0,0,21/09/2021,22/09/2021
3190,10457,4,83,38.3,0,2,21/09/2021,22/09/2021
3191,10242,5,19,48.8,0,2,21/09/2021,22/09/2021
3192,22292,7,75,31.4,2,2,21/09/2021,22/09/2021
3193,19505,0,27,0,0,0,21/09/2021,22/09/2021
3194,12965,1,18,7.7,0,1,21/09/2021,22/09/2021
3195,35867,10,64,27.9,5,2,21/09/2021,22/09/2021
3196,25329,5,91,19.7,0,1,21/09/2021,22/09/2021
3197,11547,1,15,8.7,0,1,21/09/2021,22/09/2021
3198,16462,3,26,18.2,0,1,21/09/2021,22/09/2021
3199,54299,6,106,11,0,1,21/09/2021,22/09/2021
3200,5759,0,25,0,0,0,21/09/2021,22/09/2021
3201,20713,4,40,19.3,1,1,21/09/2021,22/09/2021
3202,2907,1,1,34.4,0,2,21/09/2021,22/09/2021
3204,30642,11,65,35.9,0,2,21/09/2021,22/09/2021
3205,10919,3,24,27.5,1,2,21/09/2021,22/09/2021
3206,10366,6,35,57.9,0,3,21/09/2021,22/09/2021
3207,16180,17,65,105.1,3,4,21/09/2021,22/09/2021
3211,1319,0,25,0,0,0,21/09/2021,22/09/2021
3212,16650,2,28,12,0,1,21/09/2021,22/09/2021
3213,4032,0,16,0,0,0,21/09/2021,22/09/2021
3214,23960,0,52,0,0,0,21/09/2021,22/09/2021
3215,20615,6,51,29.1,0,2,21/09/2021,22/09/2021
3216,56285,5,114,8.9,1,1,21/09/2021,22/09/2021
3217,6607,2,21,30.3,0,2,21/09/2021,22/09/2021
3218,13438,3,15,22.3,0,2,21/09/2021,22/09/2021
3219,19719,0,22,0,0,0,21/09/2021,22/09/2021
3220,16352,2,26,12.2,0,1,21/09/2021,22/09/2021
3221,754,0,1,0,0,0,21/09/2021,22/09/2021
3222,14962,3,12,20.1,0,2,21/09/2021,22/09/2021
3223,7401,0,6,0,0,0,21/09/2021,22/09/2021
3224,14187,0,13,0,0,0,21/09/2021,22/09/2021
3225,4058,0,3,0,0,0,21/09/2021,22/09/2021
3226,14161,2,17,14.1,1,1,21/09/2021,22/09/2021
3227,4821,0,7,0,0,0,21/09/2021,22/09/2021
3228,17939,3,10,16.7,0,1,21/09/2021,22/09/2021
3230,2548,0,2,0,0,0,21/09/2021,22/09/2021
3231,1257,0,1,0,0,0,21/09/2021,22/09/2021
3232,1111,0,1,0,0,0,21/09/2021,22/09/2021
3233,2029,0,0,0,0,0,21/09/2021,22/09/2021
3234,179,0,1,0,0,0,21/09/2021,22/09/2021
3235,380,0,0,0,0,0,21/09/2021,22/09/2021
3236,230,0,0,0,0,0,21/09/2021,22/09/2021
3237,218,0,0,0,0,0,21/09/2021,22/09/2021
3238,219,0,0,0,0,0,21/09/2021,22/09/2021
3239,423,0,1,0,0,0,21/09/2021,22/09/2021
3240,2026,0,1,0,0,0,21/09/2021,22/09/2021
3241,2565,0,1,0,0,0,21/09/2021,22/09/2021
3242,828,0,1,0,0,0,21/09/2021,22/09/2021
3243,357,0,0,0,0,0,21/09/2021,22/09/2021
3249,3204,0,7,0,0,0,21/09/2021,22/09/2021
3250,12250,0,120,0,0,0,21/09/2021,22/09/2021
3251,522,0,7,0,0,0,21/09/2021,22/09/2021
3254,307,0,2,0,0,0,21/09/2021,22/09/2021
3260,4768,0,1,0,0,0,21/09/2021,22/09/2021
3264,2289,0,0,0,0,0,21/09/2021,22/09/2021
3265,2614,0,1,0,0,0,21/09/2021,22/09/2021
3266,3071,0,1,0,0,0,21/09/2021,22/09/2021
3267,245,0,0,0,0,0,21/09/2021,22/09/2021
3268,2601,0,0,0,0,0,21/09/2021,22/09/2021
3269,729,0,0,0,0,0,21/09/2021,22/09/2021
3270,251,0,0,0,0,0,21/09/2021,22/09/2021
3271,193,0,0,0,0,0,21/09/2021,22/09/2021
3272,1533,0,1,0,0,0,21/09/2021,22/09/2021
3273,146,0,0,0,0,0,21/09/2021,22/09/2021
3274,242,0,0,0,0,0,21/09/2021,22/09/2021
3275,426,0,0,0,0,0,21/09/2021,22/09/2021
3276,479,0,0,0,0,0,21/09/2021,22/09/2021
3277,1922,0,0,0,0,0,21/09/2021,22/09/2021
3278,315,0,0,0,0,0,21/09/2021,22/09/2021
3279,291,0,0,0,0,0,21/09/2021,22/09/2021
3280,31568,0,14,0,0,0,21/09/2021,22/09/2021
3281,1702,0,1,0,0,0,21/09/2021,22/09/2021
3282,2363,0,0,0,0,0,21/09/2021,22/09/2021
3283,1361,0,0,0,0,0,21/09/2021,22/09/2021
3284,3437,0,0,0,0,0,21/09/2021,22/09/2021
3285,1210,0,1,0,0,0,21/09/2021,22/09/2021
3286,564,0,0,0,0,0,21/09/2021,22/09/2021
3287,436,0,0,0,0,0,21/09/2021,22/09/2021
3289,757,0,0,0,0,0,21/09/2021,22/09/2021
3292,187,0,0,0,0,0,21/09/2021,22/09/2021
3293,302,0,1,0,0,0,21/09/2021,22/09/2021
3294,954,0,0,0,0,0,21/09/2021,22/09/2021
3300,10087,0,1,0,0,0,21/09/2021,22/09/2021
3301,1212,0,0,0,0,0,21/09/2021,22/09/2021
3302,371,0,0,0,0,0,21/09/2021,22/09/2021
3303,338,0,0,0,0,0,21/09/2021,22/09/2021
3304,2725,0,1,0,0,0,21/09/2021,22/09/2021
3305,12815,0,17,0,0,0,21/09/2021,22/09/2021
3309,126,0,0,0,0,0,21/09/2021,22/09/2021
3310,272,0,0,0,0,0,21/09/2021,22/09/2021
3311,1696,0,0,0,0,0,21/09/2021,22/09/2021
3312,1033,0,0,0,0,0,21/09/2021,22/09/2021
3314,525,0,0,0,0,0,21/09/2021,22/09/2021
3315,1629,0,0,0,0,0,21/09/2021,22/09/2021
3317,197,0,0,0,0,0,21/09/2021,22/09/2021
3318,1265,0,0,0,0,0,21/09/2021,22/09/2021
3319,345,0,0,0,0,0,21/09/2021,22/09/2021
3321,1519,0,3,0,0,0,21/09/2021,22/09/2021
3322,176,0,0,0,0,0,21/09/2021,22/09/2021
3323,88,0,0,0,0,0,21/09/2021,22/09/2021
3324,531,0,0,0,0,0,21/09/2021,22/09/2021
3325,480,0,0,0,0,0,21/09/2021,22/09/2021
3328,1720,0,2,0,0,0,21/09/2021,22/09/2021
3329,284,0,0,0,0,0,21/09/2021,22/09/2021
3330,222,0,0,0,0,0,21/09/2021,22/09/2021
3331,5996,0,2,0,0,0,21/09/2021,22/09/2021
3332,1013,0,4,0,0,0,21/09/2021,22/09/2021
3333,827,0,1,0,0,0,21/09/2021,22/09/2021
3334,566,0,0,0,0,0,21/09/2021,22/09/2021
3335,5859,20,78,341.4,2,5,21/09/2021,22/09/2021
3336,0,31,143,0,2,0,21/09/2021,22/09/2021
3337,36455,26,292,71.3,2,3,21/09/2021,22/09/2021
3338,23419,23,346,98.2,5,3,21/09/2021,22/09/2021
3340,21123,11,57,52.1,2,3,21/09/2021,22/09/2021
3341,1666,0,1,0,0,0,21/09/2021,22/09/2021
3342,3440,0,2,0,0,0,21/09/2021,22/09/2021
3345,1151,0,0,0,0,0,21/09/2021,22/09/2021
3350,59147,14,56,23.7,0,2,21/09/2021,22/09/2021
3351,8169,0,2,0,0,0,21/09/2021,22/09/2021
3352,16000,0,6,0,0,0,21/09/2021,22/09/2021
3355,13016,0,7,0,0,0,21/09/2021,22/09/2021
3356,16322,4,10,24.5,0,2,21/09/2021,22/09/2021
3357,3714,0,0,0,0,0,21/09/2021,22/09/2021
3360,765,0,0,0,0,0,21/09/2021,22/09/2021
3361,680,0,0,0,0,0,21/09/2021,22/09/2021
3363,3476,0,0,0,0,0,21/09/2021,22/09/2021
3364,2149,0,2,0,0,0,21/09/2021,22/09/2021
3370,1782,0,0,0,0,0,21/09/2021,22/09/2021
3371,990,0,0,0,0,0,21/09/2021,22/09/2021
3373,2291,0,0,0,0,0,21/09/2021,22/09/2021
3374,399,1,1,250.6,0,5,21/09/2021,22/09/2021
3375,206,0,0,0,0,0,21/09/2021,22/09/2021
3377,9414,0,7,0,0,0,21/09/2021,22/09/2021
3378,149,0,0,0,0,0,21/09/2021,22/09/2021
3379,801,0,1,0,0,0,21/09/2021,22/09/2021
3380,6033,0,0,0,0,0,21/09/2021,22/09/2021
3381,1211,0,2,0,0,0,21/09/2021,22/09/2021
3384,547,0,0,0,0,0,21/09/2021,22/09/2021
3385,517,0,0,0,0,0,21/09/2021,22/09/2021
3387,315,0,0,0,0,0,21/09/2021,22/09/2021
3388,562,0,1,0,0,0,21/09/2021,22/09/2021
3390,914,0,0,0,0,0,21/09/2021,22/09/2021
3391,172,0,0,0,0,0,21/09/2021,22/09/2021
3392,581,0,0,0,0,0,21/09/2021,22/09/2021
3393,2684,0,0,0,0,0,21/09/2021,22/09/2021
3395,361,0,0,0,0,0,21/09/2021,22/09/2021
3396,738,0,0,0,0,0,21/09/2021,22/09/2021
3400,14541,0,2,0,0,0,21/09/2021,22/09/2021
3401,4418,0,11,0,0,0,21/09/2021,22/09/2021
3407,422,0,0,0,0,0,21/09/2021,22/09/2021
3409,937,0,1,0,0,0,21/09/2021,22/09/2021
3412,299,0,0,0,0,0,21/09/2021,22/09/2021
3413,220,0,0,0,0,0,21/09/2021,22/09/2021
3414,1824,0,0,0,0,0,21/09/2021,22/09/2021
3415,40,0,0,0,0,0,21/09/2021,22/09/2021
3418,2771,0,0,0,0,0,21/09/2021,22/09/2021
3419,806,0,0,0,0,0,21/09/2021,22/09/2021
3420,277,0,1,0,0,0,21/09/2021,22/09/2021
3423,480,0,0,0,0,0,21/09/2021,22/09/2021
3424,769,0,0,0,0,0,21/09/2021,22/09/2021
3427,2761,2,22,72.4,0,3,21/09/2021,22/09/2021
3428,680,0,0,0,0,0,21/09/2021,22/09/2021
3429,36296,18,189,49.6,4,2,21/09/2021,22/09/2021
3430,322,0,0,0,0,0,21/09/2021,22/09/2021
3431,3945,0,8,0,0,0,21/09/2021,22/09/2021
3432,196,0,0,0,0,0,21/09/2021,22/09/2021
3433,216,0,1,0,0,0,21/09/2021,22/09/2021
3434,5070,0,8,0,0,0,21/09/2021,22/09/2021
3435,2878,0,4,0,0,0,21/09/2021,22/09/2021
3437,10445,2,13,19.1,0,1,21/09/2021,22/09/2021
3438,2386,0,5,0,0,0,21/09/2021,22/09/2021
3440,2040,0,2,0,0,0,21/09/2021,22/09/2021
3441,1337,0,2,0,0,0,21/09/2021,22/09/2021
3442,7463,2,10,26.8,0,2,21/09/2021,22/09/2021
3444,9197,2,12,21.7,1,2,21/09/2021,22/09/2021
3446,1028,0,0,0,0,0,21/09/2021,22/09/2021
3447,448,0,0,0,0,0,21/09/2021,22/09/2021
3448,878,1,1,113.9,0,4,21/09/2021,22/09/2021
3450,6838,0,3,0,0,0,21/09/2021,22/09/2021
3451,5654,0,3,0,0,0,21/09/2021,22/09/2021
3453,1725,0,1,0,0,0,21/09/2021,22/09/2021
3458,1947,0,2,0,0,0,21/09/2021,22/09/2021
3460,2566,1,2,39,0,2,21/09/2021,22/09/2021
3461,4150,0,0,0,0,0,21/09/2021,22/09/2021
3462,1173,0,1,0,0,0,21/09/2021,22/09/2021
3463,2454,0,2,0,0,0,21/09/2021,22/09/2021
3464,1118,0,0,0,0,0,21/09/2021,22/09/2021
3465,9770,0,2,0,0,0,21/09/2021,22/09/2021
3467,1196,0,1,0,0,0,21/09/2021,22/09/2021
3468,284,0,0,0,0,0,21/09/2021,22/09/2021
3469,278,0,0,0,0,0,21/09/2021,22/09/2021
3472,1482,0,0,0,0,0,21/09/2021,22/09/2021
3475,348,0,0,0,0,0,21/09/2021,22/09/2021
3477,824,0,0,0,0,0,21/09/2021,22/09/2021
3478,2457,1,2,40.7,0,2,21/09/2021,22/09/2021
3480,1862,0,0,0,0,0,21/09/2021,22/09/2021
3482,169,0,0,0,0,0,21/09/2021,22/09/2021
3483,888,0,0,0,0,0,21/09/2021,22/09/2021
3485,302,0,0,0,0,0,21/09/2021,22/09/2021
3487,96,0,0,0,0,0,21/09/2021,22/09/2021
3488,110,0,0,0,0,0,21/09/2021,22/09/2021
3489,53,0,0,0,0,0,21/09/2021,22/09/2021
3490,1290,0,0,0,0,0,21/09/2021,22/09/2021
3491,133,0,0,0,0,0,21/09/2021,22/09/2021
3494,661,0,0,0,0,0,21/09/2021,22/09/2021
3496,6224,0,1,0,0,0,21/09/2021,22/09/2021
3498,5324,0,3,0,0,0,21/09/2021,22/09/2021
3500,32738,4,7,12.2,0,1,21/09/2021,22/09/2021
3501,1939,0,5,0,0,0,21/09/2021,22/09/2021
3505,4829,0,0,0,0,0,21/09/2021,22/09/2021
3506,37,0,0,0,0,0,21/09/2021,22/09/2021
3507,157,0,0,0,0,0,21/09/2021,22/09/2021
3509,231,0,0,0,0,0,21/09/2021,22/09/2021
3512,371,0,0,0,0,0,21/09/2021,22/09/2021
3515,1940,0,4,0,0,0,21/09/2021,22/09/2021
3516,694,0,0,0,0,0,21/09/2021,22/09/2021
3517,1416,0,0,0,0,0,21/09/2021,22/09/2021
3518,1307,0,1,0,0,0,21/09/2021,22/09/2021
3520,179,0,0,0,0,0,21/09/2021,22/09/2021
3521,660,0,0,0,0,0,21/09/2021,22/09/2021
3522,334,0,1,0,0,0,21/09/2021,22/09/2021
3523,3619,0,8,0,0,0,21/09/2021,22/09/2021
3525,1302,0,0,0,0,0,21/09/2021,22/09/2021
3527,785,0,0,0,0,0,21/09/2021,22/09/2021
3529,120,0,0,0,0,0,21/09/2021,22/09/2021
3530,125,0,0,0,0,0,21/09/2021,22/09/2021
3531,191,0,0,0,0,0,21/09/2021,22/09/2021
3533,779,0,0,0,0,0,21/09/2021,22/09/2021
3537,1042,0,1,0,0,0,21/09/2021,22/09/2021
3540,286,0,0,0,0,0,21/09/2021,22/09/2021
3542,155,0,0,0,0,0,21/09/2021,22/09/2021
3544,249,0,0,0,0,0,21/09/2021,22/09/2021
3546,403,0,0,0,0,0,21/09/2021,22/09/2021
3549,3527,0,1,0,0,0,21/09/2021,22/09/2021
3550,40341,0,37,0,0,0,21/09/2021,22/09/2021
3551,29564,0,19,0,0,0,21/09/2021,22/09/2021
3555,19688,0,28,0,0,0,21/09/2021,22/09/2021
3556,13087,0,3,0,0,0,21/09/2021,22/09/2021
3557,785,0,0,0,0,0,21/09/2021,22/09/2021
3558,916,0,0,0,0,0,21/09/2021,22/09/2021
3559,545,0,0,0,0,0,21/09/2021,22/09/2021
3561,4434,0,3,0,0,0,21/09/2021,22/09/2021
3562,278,0,0,0,0,0,21/09/2021,22/09/2021
3563,808,0,0,0,0,0,21/09/2021,22/09/2021
3564,15944,0,3,0,0,0,21/09/2021,22/09/2021
3565,107,0,0,0,0,0,21/09/2021,22/09/2021
3566,556,0,0,0,0,0,21/09/2021,22/09/2021
3567,654,0,0,0,0,0,21/09/2021,22/09/2021
3568,2948,1,1,33.9,0,2,21/09/2021,22/09/2021
3570,752,0,0,0,0,0,21/09/2021,22/09/2021
3571,319,0,0,0,0,0,21/09/2021,22/09/2021
3572,151,0,0,0,0,0,21/09/2021,22/09/2021
3573,331,0,3,0,0,0,21/09/2021,22/09/2021
3575,807,0,0,0,0,0,21/09/2021,22/09/2021
3576,72,0,0,0,0,0,21/09/2021,22/09/2021
3579,5362,0,2,0,0,0,21/09/2021,22/09/2021
3580,990,0,0,0,0,0,21/09/2021,22/09/2021
3581,163,0,0,0,0,0,21/09/2021,22/09/2021
3583,208,0,0,0,0,0,21/09/2021,22/09/2021
3584,1139,0,0,0,0,0,21/09/2021,22/09/2021
3585,11205,0,4,0,0,0,21/09/2021,22/09/2021
3586,825,0,0,0,0,0,21/09/2021,22/09/2021
3588,359,0,0,0,0,0,21/09/2021,22/09/2021
3589,347,0,0,0,0,0,21/09/2021,22/09/2021
3590,335,0,0,0,0,0,21/09/2021,22/09/2021
3591,164,0,0,0,0,0,21/09/2021,22/09/2021
3594,529,0,1,0,0,0,21/09/2021,22/09/2021
3595,665,0,0,0,0,0,21/09/2021,22/09/2021
3596,96,0,0,0,0,0,21/09/2021,22/09/2021
3597,413,0,0,0,0,0,21/09/2021,22/09/2021
3599,133,0,0,0,0,0,21/09/2021,22/09/2021
3607,136,0,0,0,0,0,21/09/2021,22/09/2021
3608,2417,0,0,0,0,0,21/09/2021,22/09/2021
3610,1714,0,0,0,0,0,21/09/2021,22/09/2021
3612,1708,0,2,0,0,0,21/09/2021,22/09/2021
3614,882,0,2,0,0,0,21/09/2021,22/09/2021
3616,5353,0,3,0,0,0,21/09/2021,22/09/2021
3617,163,0,0,0,0,0,21/09/2021,22/09/2021
3618,675,0,7,0,0,0,21/09/2021,22/09/2021
3620,8241,0,2,0,0,0,21/09/2021,22/09/2021
3621,2368,0,0,0,0,0,21/09/2021,22/09/2021
3622,456,0,1,0,0,0,21/09/2021,22/09/2021
3623,903,0,0,0,0,0,21/09/2021,22/09/2021
3624,558,0,1,0,0,0,21/09/2021,22/09/2021
3629,9130,0,10,0,0,0,21/09/2021,22/09/2021
3630,31266,3,107,9.6,0,1,21/09/2021,22/09/2021
3631,11610,1,66,8.6,0,1,21/09/2021,22/09/2021
3632,0,0,0,0,0,0,21/09/2021,22/09/2021
3633,604,0,0,0,0,0,21/09/2021,22/09/2021
3634,1798,0,0,0,0,0,21/09/2021,22/09/2021
3635,536,0,0,0,0,0,21/09/2021,22/09/2021
3636,5241,0,3,0,0,0,21/09/2021,22/09/2021
3637,593,0,0,0,0,0,21/09/2021,22/09/2021
3638,2075,0,2,0,0,0,21/09/2021,22/09/2021
3639,524,0,0,0,0,0,21/09/2021,22/09/2021
3640,1000,0,0,0,0,0,21/09/2021,22/09/2021
3641,1233,0,0,0,0,0,21/09/2021,22/09/2021
3644,9229,0,2,0,0,0,21/09/2021,22/09/2021
3646,586,0,0,0,0,0,21/09/2021,22/09/2021
3647,40,0,0,0,0,0,21/09/2021,22/09/2021
3649,431,0,0,0,0,0,21/09/2021,22/09/2021
3658,6221,4,13,64.3,0,3,21/09/2021,22/09/2021
3659,734,0,3,0,0,0,21/09/2021,22/09/2021
3660,7577,0,5,0,0,0,21/09/2021,22/09/2021
3662,1075,0,0,0,0,0,21/09/2021,22/09/2021
3663,180,0,0,0,0,0,21/09/2021,22/09/2021
3664,1072,0,0,0,0,0,21/09/2021,22/09/2021
3665,357,0,0,0,0,0,21/09/2021,22/09/2021
3666,4700,0,1,0,0,0,21/09/2021,22/09/2021
3669,1337,0,0,0,0,0,21/09/2021,22/09/2021
3670,571,0,0,0,0,0,21/09/2021,22/09/2021
3672,10330,0,4,0,0,0,21/09/2021,22/09/2021
3673,1729,0,0,0,0,0,21/09/2021,22/09/2021
3675,1803,0,0,0,0,0,21/09/2021,22/09/2021
3677,18101,1,3,5.5,1,1,21/09/2021,22/09/2021
3678,6357,0,0,0,0,0,21/09/2021,22/09/2021
3682,616,0,0,0,0,0,21/09/2021,22/09/2021
3683,1760,0,0,0,0,0,21/09/2021,22/09/2021
3685,2718,0,1,0,0,0,21/09/2021,22/09/2021
3687,1098,0,0,0,0,0,21/09/2021,22/09/2021
3688,1237,0,0,0,0,0,21/09/2021,22/09/2021
3690,33522,0,2,0,0,0,21/09/2021,22/09/2021
3691,9704,0,1,0,0,0,21/09/2021,22/09/2021
3694,92,0,0,0,0,0,21/09/2021,22/09/2021
3695,472,0,0,0,0,0,21/09/2021,22/09/2021
3697,575,0,0,0,0,0,21/09/2021,22/09/2021
3698,862,0,0,0,0,0,21/09/2021,22/09/2021
3699,1124,0,0,0,0,0,21/09/2021,22/09/2021
3700,1317,0,0,0,0,0,21/09/2021,22/09/2021
3701,1075,0,0,0,0,0,21/09/2021,22/09/2021
3704,20,0,0,0,0,0,21/09/2021,22/09/2021
3705,261,0,0,0,0,0,21/09/2021,22/09/2021
3707,1836,0,0,0,0,0,21/09/2021,22/09/2021
3708,58,0,0,0,0,0,21/09/2021,22/09/2021
3709,295,0,0,0,0,0,21/09/2021,22/09/2021
3711,493,0,0,0,0,0,21/09/2021,22/09/2021
3712,353,0,0,0,0,0,21/09/2021,22/09/2021
3713,1026,0,0,0,0,0,21/09/2021,22/09/2021
3714,3512,0,0,0,0,0,21/09/2021,22/09/2021
3715,308,0,1,0,0,0,21/09/2021,22/09/2021
3717,2654,0,3,0,0,0,21/09/2021,22/09/2021
3718,72,0,0,0,0,0,21/09/2021,22/09/2021
3719,371,0,0,0,0,0,21/09/2021,22/09/2021
3720,569,0,1,0,0,0,21/09/2021,22/09/2021
3722,5020,0,4,0,0,0,21/09/2021,22/09/2021
3723,3003,0,5,0,0,0,21/09/2021,22/09/2021
3725,631,0,0,0,0,0,21/09/2021,22/09/2021
3726,404,0,0,0,0,0,21/09/2021,22/09/2021
3727,305,0,0,0,0,0,21/09/2021,22/09/2021
3728,635,0,0,0,0,0,21/09/2021,22/09/2021
3730,8831,0,3,0,0,0,21/09/2021,22/09/2021
3732,595,0,0,0,0,0,21/09/2021,22/09/2021
3733,219,0,0,0,0,0,21/09/2021,22/09/2021
3735,609,0,0,0,0,0,21/09/2021,22/09/2021
3737,4302,0,0,0,0,0,21/09/2021,22/09/2021
3738,222,0,0,0,0,0,21/09/2021,22/09/2021
3739,215,0,0,0,0,0,21/09/2021,22/09/2021
3740,1075,0,0,0,0,0,21/09/2021,22/09/2021
3741,3098,0,1,0,0,0,21/09/2021,22/09/2021
3744,453,0,0,0,0,0,21/09/2021,22/09/2021
3746,385,0,0,0,0,0,21/09/2021,22/09/2021
3747,4628,0,0,0,0,0,21/09/2021,22/09/2021
3749,1889,0,0,0,0,0,21/09/2021,22/09/2021
3750,9060,88,262,971.3,14,6,21/09/2021,22/09/2021
3751,272,2,2,735.3,0,6,21/09/2021,22/09/2021
3752,24057,74,196,307.6,6,5,21/09/2021,22/09/2021
3753,2328,8,26,343.6,0,5,21/09/2021,22/09/2021
3754,37758,56,241,148.3,9,4,21/09/2021,22/09/2021
3755,251,0,0,0,0,0,21/09/2021,22/09/2021
3756,11926,16,54,134.2,2,4,21/09/2021,22/09/2021
3757,8955,3,17,33.5,0,2,21/09/2021,22/09/2021
3758,2182,0,3,0,0,0,21/09/2021,22/09/2021
3759,1062,0,1,0,0,0,21/09/2021,22/09/2021
3760,372,0,1,0,0,0,21/09/2021,22/09/2021
3761,1230,0,6,0,0,0,21/09/2021,22/09/2021
3762,131,0,0,0,0,0,21/09/2021,22/09/2021
3763,1536,2,7,130.2,0,4,21/09/2021,22/09/2021
3764,9161,5,27,54.6,2,3,21/09/2021,22/09/2021
3765,6764,0,12,0,0,0,21/09/2021,22/09/2021
3766,1240,0,3,0,0,0,21/09/2021,22/09/2021
3767,1253,0,2,0,0,0,21/09/2021,22/09/2021
3770,3222,3,7,93.1,0,3,21/09/2021,22/09/2021
3775,3865,0,7,0,0,0,21/09/2021,22/09/2021
3777,10753,1,12,9.3,0,1,21/09/2021,22/09/2021
3778,199,0,1,0,0,0,21/09/2021,22/09/2021
3779,394,0,0,0,0,0,21/09/2021,22/09/2021
3781,4471,0,2,0,0,0,21/09/2021,22/09/2021
3782,7824,2,4,25.6,1,2,21/09/2021,22/09/2021
3783,2350,0,2,0,0,0,21/09/2021,22/09/2021
3785,77,0,0,0,0,0,21/09/2021,22/09/2021
3786,1520,0,2,0,0,0,21/09/2021,22/09/2021
3787,1059,0,0,0,0,0,21/09/2021,22/09/2021
3788,1742,0,0,0,0,0,21/09/2021,22/09/2021
3789,265,0,0,0,0,0,21/09/2021,22/09/2021
3791,1440,0,1,0,0,0,21/09/2021,22/09/2021
3792,1064,0,0,0,0,0,21/09/2021,22/09/2021
3793,3575,0,1,0,0,0,21/09/2021,22/09/2021
3795,1249,1,2,80.1,0,3,21/09/2021,22/09/2021
3796,9698,5,10,51.6,0,3,21/09/2021,22/09/2021
3797,3474,1,8,28.8,0,2,21/09/2021,22/09/2021
3799,5800,2,5,34.5,0,2,21/09/2021,22/09/2021
3800,2211,0,0,0,0,0,21/09/2021,22/09/2021
3802,24292,9,105,37,3,2,21/09/2021,22/09/2021
3803,10856,9,101,82.9,0,3,21/09/2021,22/09/2021
3804,8096,1,20,12.4,0,1,21/09/2021,22/09/2021
3805,56937,20,213,35.1,2,2,21/09/2021,22/09/2021
3806,48521,10,78,20.6,2,2,21/09/2021,22/09/2021
3807,7096,0,20,0,0,0,21/09/2021,22/09/2021
3808,3031,1,3,33,0,2,21/09/2021,22/09/2021
3809,7212,8,59,110.9,0,4,21/09/2021,22/09/2021
3810,47892,42,168,87.7,12,3,21/09/2021,22/09/2021
3812,2310,4,9,173.2,0,4,21/09/2021,22/09/2021
3813,886,1,1,112.9,0,4,21/09/2021,22/09/2021
3814,2257,0,0,0,0,0,21/09/2021,22/09/2021
3815,3020,0,2,0,0,0,21/09/2021,22/09/2021
3816,2717,0,0,0,0,0,21/09/2021,22/09/2021
3818,14170,0,4,0,0,0,21/09/2021,22/09/2021
3820,15952,0,7,0,0,0,21/09/2021,22/09/2021
3821,2918,0,2,0,0,0,21/09/2021,22/09/2021
3822,983,0,0,0,0,0,21/09/2021,22/09/2021
3823,1839,0,3,0,0,0,21/09/2021,22/09/2021
3824,5003,0,1,0,0,0,21/09/2021,22/09/2021
3825,20282,2,7,9.9,0,1,21/09/2021,22/09/2021
3831,1701,0,1,0,0,0,21/09/2021,22/09/2021
3832,249,0,0,0,0,0,21/09/2021,22/09/2021
3833,304,0,0,0,0,0,21/09/2021,22/09/2021
3835,472,0,0,0,0,0,21/09/2021,22/09/2021
3840,16478,0,12,0,0,0,21/09/2021,22/09/2021
3842,4784,0,0,0,0,0,21/09/2021,22/09/2021
3844,28981,0,32,0,0,0,21/09/2021,22/09/2021
3847,2191,0,3,0,0,0,21/09/2021,22/09/2021
3850,14782,0,7,0,0,0,21/09/2021,22/09/2021
3851,5689,0,4,0,0,0,21/09/2021,22/09/2021
3852,92,0,0,0,0,0,21/09/2021,22/09/2021
3854,1400,0,2,0,0,0,21/09/2021,22/09/2021
3856,992,0,3,0,0,0,21/09/2021,22/09/2021
3857,368,0,0,0,0,0,21/09/2021,22/09/2021
3858,3026,0,0,0,0,0,21/09/2021,22/09/2021
3859,834,0,0,0,0,0,21/09/2021,22/09/2021
3860,7171,0,2,0,0,0,21/09/2021,22/09/2021
3862,3157,0,4,0,0,0,21/09/2021,22/09/2021
3864,218,0,0,0,0,0,21/09/2021,22/09/2021
3865,445,0,1,0,0,0,21/09/2021,22/09/2021
3869,1624,0,0,0,0,0,21/09/2021,22/09/2021
3870,1265,0,0,0,0,0,21/09/2021,22/09/2021
3871,2904,0,0,0,0,0,21/09/2021,22/09/2021
3873,323,0,0,0,0,0,21/09/2021,22/09/2021
3874,558,0,0,0,0,0,21/09/2021,22/09/2021
3875,18625,0,5,0,0,0,21/09/2021,22/09/2021
3878,1098,0,0,0,0,0,21/09/2021,22/09/2021
3880,4037,0,2,0,0,0,21/09/2021,22/09/2021
3882,1094,0,0,0,0,0,21/09/2021,22/09/2021
3885,1868,0,0,0,0,0,21/09/2021,22/09/2021
3886,395,0,0,0,0,0,21/09/2021,22/09/2021
3887,342,0,0,0,0,0,21/09/2021,22/09/2021
3888,3421,0,0,0,0,0,21/09/2021,22/09/2021
3889,179,0,0,0,0,0,21/09/2021,22/09/2021
3890,324,0,0,0,0,0,21/09/2021,22/09/2021
3891,104,0,0,0,0,0,21/09/2021,22/09/2021
3892,1060,0,0,0,0,0,21/09/2021,22/09/2021
3893,22,0,0,0,0,0,21/09/2021,22/09/2021
3895,194,0,0,0,0,0,21/09/2021,22/09/2021
3896,405,0,0,0,0,0,21/09/2021,22/09/2021
3898,790,0,0,0,0,0,21/09/2021,22/09/2021
3900,151,0,0,0,0,0,21/09/2021,22/09/2021
3902,412,0,0,0,0,0,21/09/2021,22/09/2021
3903,746,0,0,0,0,0,21/09/2021,22/09/2021
3904,1452,0,0,0,0,0,21/09/2021,22/09/2021
3909,7901,1,1,12.7,1,1,21/09/2021,22/09/2021
3910,22587,1,55,4.4,1,1,21/09/2021,22/09/2021
3911,3413,0,2,0,0,0,21/09/2021,22/09/2021
3912,15154,0,16,0,0,0,21/09/2021,22/09/2021
3913,3337,1,3,30,1,2,21/09/2021,22/09/2021
3915,9960,0,6,0,0,0,21/09/2021,22/09/2021
3916,952,0,0,0,0,0,21/09/2021,22/09/2021
3918,3704,0,4,0,0,0,21/09/2021,22/09/2021
3919,3182,0,2,0,0,0,21/09/2021,22/09/2021
3920,1037,0,1,0,0,0,21/09/2021,22/09/2021
3921,114,0,0,0,0,0,21/09/2021,22/09/2021
3922,7740,0,1,0,0,0,21/09/2021,22/09/2021
3923,516,0,0,0,0,0,21/09/2021,22/09/2021
3925,3377,0,1,0,0,0,21/09/2021,22/09/2021
3926,3240,0,3,0,0,0,21/09/2021,22/09/2021
3927,1671,0,3,0,0,0,21/09/2021,22/09/2021
3928,413,0,1,0,0,0,21/09/2021,22/09/2021
3929,906,1,9,110.4,0,4,21/09/2021,22/09/2021
3930,17889,1,13,5.6,0,1,21/09/2021,22/09/2021
3931,23991,4,68,16.7,0,1,21/09/2021,22/09/2021
3933,1101,0,2,0,0,0,21/09/2021,22/09/2021
3934,18547,0,24,0,0,0,21/09/2021,22/09/2021
3936,11024,1,9,9.1,0,1,21/09/2021,22/09/2021
3937,1519,0,0,0,0,0,21/09/2021,22/09/2021
3938,2820,0,0,0,0,0,21/09/2021,22/09/2021
3939,14522,2,14,13.8,0,1,21/09/2021,22/09/2021
3940,4930,0,5,0,0,0,21/09/2021,22/09/2021
3941,12174,0,6,0,0,0,21/09/2021,22/09/2021
3942,2317,1,7,43.2,0,2,21/09/2021,22/09/2021
3943,1593,0,7,0,0,0,21/09/2021,22/09/2021
3944,510,1,7,196.1,0,4,21/09/2021,22/09/2021
3945,976,0,0,0,0,0,21/09/2021,22/09/2021
3946,216,0,0,0,0,0,21/09/2021,22/09/2021
3950,4798,0,6,0,0,0,21/09/2021,22/09/2021
3951,1005,0,0,0,0,0,21/09/2021,22/09/2021
3953,7859,0,4,0,0,0,21/09/2021,22/09/2021
3954,404,0,0,0,0,0,21/09/2021,22/09/2021
3956,2818,0,0,0,0,0,21/09/2021,22/09/2021
3957,279,0,0,0,0,0,21/09/2021,22/09/2021
3958,272,0,0,0,0,0,21/09/2021,22/09/2021
3959,1153,0,0,0,0,0,21/09/2021,22/09/2021
3960,2477,0,1,0,0,0,21/09/2021,22/09/2021
3962,913,0,0,0,0,0,21/09/2021,22/09/2021
3964,133,0,0,0,0,0,21/09/2021,22/09/2021
3965,208,0,0,0,0,0,21/09/2021,22/09/2021
3966,510,0,0,0,0,0,21/09/2021,22/09/2021
3967,127,0,0,0,0,0,21/09/2021,22/09/2021
3971,4017,0,0,0,0,0,21/09/2021,22/09/2021
3975,15246,6,64,39.4,0,2,21/09/2021,22/09/2021
3976,25532,12,114,47,2,2,21/09/2021,22/09/2021
3977,93322,49,376,52.5,10,3,21/09/2021,22/09/2021
3978,10648,13,128,122.1,0,4,21/09/2021,22/09/2021
3979,315,0,0,0,0,0,21/09/2021,22/09/2021
3980,3350,0,8,0,0,0,21/09/2021,22/09/2021
3981,4901,3,5,61.2,1,3,21/09/2021,22/09/2021
3984,5212,3,8,57.6,0,3,21/09/2021,22/09/2021
3987,1527,1,2,65.5,0,3,21/09/2021,22/09/2021
3988,1001,0,3,0,0,0,21/09/2021,22/09/2021
3990,110,0,0,0,0,0,21/09/2021,22/09/2021
3991,357,0,0,0,0,0,21/09/2021,22/09/2021
3992,966,0,0,0,0,0,21/09/2021,22/09/2021
3995,10171,0,2,0,0,0,21/09/2021,22/09/2021
3996,5541,0,4,0,0,0,21/09/2021,22/09/2021
9998,,1,239,0,0,0,21/09/2021,22/09/2021
9999,,12,215,0,1,0,21/09/2021,22/09/2021